window_idx,satellite_name,satellite_index,peak_alt_deg,range_min_km,range_max_km,peak_abs_jy,mean_abs_jy,predicted_peak_apparent_flux_jy,cap_selection_method,cap_selection_score,emission_type
0,,3449,69.39185305659403,589.5040334749883,12748.230630202186,0.49153376067053445,0.01115325997639366,76.26272653752751,predicted_peak_apparent_flux,76.26272653752751,literature_parameterized_uemr_template_not_proprietary_waveform
0,,3450,69.39185305659403,589.5040334749883,12748.230630202186,0.49153376067053445,0.01115325997639366,76.26272653752751,predicted_peak_apparent_flux,76.26272653752751,literature_parameterized_uemr_template_not_proprietary_waveform
0,,3451,69.3849350225092,589.5334898672065,12748.542082403552,0.4914458630296436,0.011154613489023605,76.24818021937183,predicted_peak_apparent_flux,76.24818021937183,literature_parameterized_uemr_template_not_proprietary_waveform
0,,3453,69.36619692760226,589.5308749042281,12748.97912626206,0.49379195034764284,0.011156223850610629,76.23008862074863,predicted_peak_apparent_flux,76.23008862074863,literature_parameterized_uemr_template_not_proprietary_waveform
0,,3454,69.36619692760226,589.5308749042281,12748.97912626206,0.49379195034764284,0.011156223850610629,76.23008862074863,predicted_peak_apparent_flux,76.23008862074863,literature_parameterized_uemr_template_not_proprietary_waveform
